"id_barang","total_terjual","pendapatan"
BRG0007,676.0455,3104468.5
BRG0009,682.10144,3943023.2
BRG0008,650.7273,2597637.8
BRG0006,855.493,2411805.5
BRG0003,1337.43,13004342
BRG0001,1287.9825,2644642.2
BRG0004,1005.39166,8342959.0
BRG0002,1028.1748,2749788.0
BRG0010,822.0105,5705000.0
BRG0005,841.5734,4753459.5
