"bulan","tahun","total_volume_penjualan","total_nilai_penjualan"
1,2022,615.7692,3754108.0
2,2022,372.24124,2547945.0
3,2022,39.44755,253760.88
4,2022,243.86363,1479446.8
5,2022,313.35663,1890951.1
6,2022,78.905594,532246.44
